STR,MajorMinor,General,Strict,Padded
"0.0.0.0",0,1,1,"0.0.0.0"
"255.255.255.255",0,1,1,"255.255.255.255"
"1.2.3",0,1,0,"1.2.3.0"
"4.5",1,1,0,"4.5.0.0"
"6",0,1,0,"6.0.0.0"
"stuff",0,0,0,""
"IAmOld",0,0,0,""
"65535.65535.65535.65535",0,1,1,"65535.65535.65535.65535"
"65536.65536.65536.65536",0,0,0,""
