STR,Valid
"0.0.0.0",0
"255.255.255.255",0
"1.2.3",0
"4.5",0
"6",1
"stuff",0
"IAmOld",0
"65535.65535.65535.65535",0
"65536.65536.65536.65536",0
"65535",1
"65536",0
"256",1
"-329",0